;link;id;employer;name;salary;experience;schedule;schedule_dop;key;description
0;https://spb.hh.ru/vacancy/95506064;95506064;КОНДИТЕР (м.Строгино);Кофемания;от 59 400 до 64 800 ₽ на руки;Требуемый опыт работы: не требуется;Полная занятость, полный день;;[];"Рестораны        Служба технического         обслуживания и ремонта      ПроизводствоРаспределительный центрОфисТранспортная службаУчебный центрКофемания более 22 лет задаёт тренды на рынке, а наши профессионалы работают на самом технологичном производстве с лучшим мировым оборудованием и ингредиентами. В кондитерском ателье премиум-класса Cake Buro от «Кофемании» во главе с Шеф-кондитером №1 в Москве – Еленой Железняковой, ты сможешь работать в команде лучших в своём деле! Что мы предлагаем:  Обучение у известного московского шеф-кондитера - Елены Железняковой; Стабильный доход, оформление по ТК РФ (оплата отпуска и больничного) Компенсация проезда до место работы: кондитерский цех ""Кофемании"", м. Строгино; Много бонусов: бесплатное 3-х разовое питание, медицинская книжка и форма, корпоративные скидки; Удобный для вас график (2/2, День с 9.00 до 21.00 или ночь с 21.00 до 09.00); Комфортные условия труда: столовая, зоны отдыха, душевые, раздевалки, шкафчики; Современное и высокотехнологичное оборудование; Реальный карьерный рост; Работа с лучшими продуктами со всего мира; Корпоративная скидка в наших ресторанах и спецпредложения у компаний-партнеров.  Что вам нужно делать:  Качественное приготовление кондитерской продукции согласно установленной рецептуре; Соблюдать санитарные нормы и правила; Уважительно и бережно относиться к продуктам, оборудованию и коллегам.  Что вам потребуется:  Готовность работать в команде; Желание расти и развиваться в профессии кондитер; Профильное образование будет преимуществом.    Стань частью самой известной и успешной команды ресторанов Кофемания! Приведи в компанию друзей и получи 20 000 рублей за каждого сотрудника.   Наша вакансия также подойдет вам, если вы искали: работа повар, пекарь, кондитер, кондитер-скульптор, шоколатье, скульптор, пиццайоло, тестомес, тестовод, булочник, хлебопёк, грильщик, заготовщик, повар горячего цеха (г.ц.), повар холодного цеха (х.ц.), су-шеф, работа на супах, мясника, М/Ц, Жиловщик, Обвальщик, Рубщик, сушиста, помощник повара, повар без опыта, кейтеринг, повар в компаниях: White Rabbit Family, Lucky group, Буше, kosmos kitchen, Novikov Group, She, Ресторанный Холдинг Тигрус, Alba group, ПушкинЪ, Гудман, I Love Cake, Брусника, Северянине, Доктор Живаго, Сибирь, Osteria Mario, Пятерочка, Перекресток, Ашан, Вкусвилл, Магнит, Лента, Глобус, Окей, Азбука Вкуса, Мираторг, Велком, Мясокомбинат, Мясной дом, Рублевские колбасы, Ремит, Черкизово, Петелинка, Троекурово, Дымов, Останкино, Коломенское, Мясновъ, Мясной гурман, Мясницкий ряд, Русагро.Ждём в команду!          ООО «Азарика» представляет бренд Кофемания"
1;https://spb.hh.ru/vacancy/100495825;100495825;Помощник воспитателя;Космо Кидс (ИП Григорьева Яна Владимировна);от 50 000 ₽ на руки;Требуемый опыт работы: 1–3 года;Полная занятость, полный день;;[];"Kosmo Kids — это детские сады премиум-класса, в основе которых лежит стремление помочь ребенку развиваться во всех сферах с учетом пребывания в двуязычной среде. Kosmo Kids — уникальная команда профессионалов. Опыт, мастерство, творческий подход к делу — качества, которыми обладает каждый из нас. Наша цель — создать максимально эффективную среду для развития детей, помочь им понять, что учиться — это интересно. В связи с открытием нового филиала в Санкт-Петербурге, мы в поиске ""Помощника воспитателя"" Обязанности:   обеспечение ухода за детьми   участие в подготовке и организации занятий, создание эмоционального комфорта   создание безопасной развивающей среды   помощь воспитателю при одевании, раздевании, умывании, купании, кормлении, укладывания детей в постель   сопровождение детей на прогулке   поддержание порядка в личных шкафчиках детей   своевременная уборка помещений и мытье посуды, в соответствии с санитарными правилами   проветривание помещений   смена постельного белья по графику   соблюдение правил внутреннего трудового распорядка, личной гигиены, соблюдение инструкции по охране жизни и здоровья детей, санитарно-гигиенические нормы   ​​Требования:  умение работать в коллективе наличие мед книжки обязательно  Условия:  Место работы: Ст. м. Фрунзенская ЗП от 50 000 руб. + премии  График 5/2 с 8.00-20.00. 8.00-14.00, 14.00-20.00  рассматриваем соискателей на полную ставку и на половину ставки  Присоединяйтесь к нам, чтобы стать частью нашей команды!"
2;https://spb.hh.ru/vacancy/98338968;98338968;Кондитер (м. Строгино);Кофемания;от 64 800 ₽ на руки;Требуемый опыт работы: не требуется;Полная занятость, сменный график;;[];"Рестораны        Служба технического         обслуживания и ремонта      ПроизводствоРаспределительный центрОфисТранспортная службаУчебный центрКофемания более 22 лет задаёт тренды на рынке, а наши профессионалы работают на самом технологичном производстве с лучшим мировым оборудованием и ингредиентами. В кондитерском ателье премиум-класса Cake Buro от «Кофемании» во главе с Шеф-кондитером №1 в Москве – Еленой Железняковой, ты сможешь работать в команде лучших в своём деле! Что мы предлагаем:  Обучение у известного московского шеф-кондитера - Елены Железняковой; на испытательный срок 250 рублей за час (3 000 рублей смена), далее 330 рублей час (3960 рублей смена) Стабильный доход, оформление по ТК РФ (оплата отпуска и больничного) Компенсация проезда до место работы: кондитерский цех ""Кофемании"", м. Строгино; Много бонусов: бесплатное 3-х разовое питание, медицинская книжка и форма, корпоративные скидки; График (2/2) с 9.00 до 21.00; Комфортные условия труда: столовая, душевые, раздевалки, шкафчики; Современное и высокотехнологичное оборудование; Реальный карьерный рост; Работа с лучшими продуктами со всего мира; Реферальная программа ""Приведи друга""; Корпоративная скидка в наших ресторанах и спецпредложения у компаний-партнеров  Что вам потребуется:  Готовность работать в команде; Желание расти и развиваться в профессии кондитер;  Профильное образование желательно.   Стань частью самой известной и успешной команды ресторанов Кофемания! Приведи в компанию друзей и получи 20 000 рублей за каждого сотрудника.   Наша вакансия также подойдет вам, если вы искали: работа повар, пекарь, кондитер, кондитер-скульптор, шоколатье, скульптор, пиццайоло, тестомес, тестовод, булочник, хлебопёк, грильщик, заготовщик, повар горячего цеха (г.ц.), повар холодного цеха (х.ц.), су-шеф, работа на супах, мясника, М/Ц, Жиловщик, Обвальщик, Рубщик, сушиста, помощник повара, повар без опыта, кейтеринг, повар в компаниях: White Rabbit Family, Lucky group, Буше, kosmos kitchen, Novikov Group, She, Ресторанный Холдинг Тигрус, Alba group, ПушкинЪ, Гудман, I Love Cake, Брусника, Северянине, Доктор Живаго, Сибирь, Osteria Mario, Пятерочка, Перекресток, Ашан, Вкусвилл, Магнит, Лента, Глобус, Окей, Азбука Вкуса, Мираторг, Велком, Мясокомбинат, Мясной дом, Рублевские колбасы, Ремит, Черкизово, Петелинка, Троекурово, Дымов, Останкино, Коломенское, Мясновъ, Мясной гурман, Мясницкий ряд, Русагро.Ждём в команду!          ООО «Азарика» представляет бренд Кофемания"
3;https://spb.hh.ru/vacancy/99247270;99247270;Ночной кондитер;Кофемания;от 69 120 до 76 800 ₽ на руки;Требуемый опыт работы: 1–3 года;Полная занятость, сменный график;;['Работа в команде', 'Креативность', 'Грамотная речь', 'Электронная почта'];"Рестораны        Служба технического         обслуживания и ремонта      ПроизводствоРаспределительный центрОфисТранспортная службаУчебный центрКофемания более 22 лет задаёт тренды на рынке, а наши профессионалы работают на самом технологичном производстве с лучшим мировым оборудованием и ингредиентами. В кондитерском ателье премиум-класса Cake Buro от «Кофемании» во главе с Шеф-кондитером №1 в Москве – Еленой Железняковой, ты сможешь работать в команде лучших в своём деле! Что мы предлагаем:  Вакансия располагается - МЕТРО СТРОГИНО Обучение у известного московского шеф-кондитера - Елены Железняковой; Стабильный доход, оформление по ТК РФ (оплата отпуска и больничного) Компенсация проезда до место работы: кондитерский цех ""Кофемании"", м. Строгино; Много бонусов: бесплатное 3-х разовое питание, медицинская книжка и форма, корпоративные скидки; График НОЧЬ 2/2 с 21.00 до 09.00; Комфортные условия труда: столовая, зоны отдыха, душевые, раздевалки, шкафчики; Современное и высокотехнологичное оборудование; Реальный карьерный рост; Работа с лучшими продуктами со всего мира; Реферальная программа ""Приведи друга""; Корпоративная скидка в наших ресторанах и спецпредложения у компаний-партнеров.  Что вам нужно делать:  Качественное приготовление кондитерской продукции согласно установленной рецептуре; Соблюдать санитарные нормы и правила; Уважительно и бережно относиться к продуктам, оборудованию и коллегам.  Что вам потребуется:  Готовность работать в команде; Желание расти и развиваться в профессии кондитер; Профильное образование будет преимуществом.    Стань частью самой известной и успешной команды ресторанов Кофемания! Приведи в компанию друзей и получи 20 000 рублей за каждого сотрудника.   Наша вакансия также подойдет вам, если вы искали: работа повар, пекарь, кондитер, кондитер-скульптор, шоколатье, скульптор, пиццайоло, тестомес, тестовод, булочник, хлебопёк, грильщик, заготовщик, повар горячего цеха (г.ц.), повар холодного цеха (х.ц.), су-шеф, работа на супах, мясника, М/Ц, Жиловщик, Обвальщик, Рубщик, сушиста, помощник повара, повар без опыта, кейтеринг, повар в компаниях: White Rabbit Family, Lucky group, Буше, kosmos kitchen, Novikov Group, She, Ресторанный Холдинг Тигрус, Alba group, ПушкинЪ, Гудман, I Love Cake, Брусника, Северянине, Доктор Живаго, Сибирь, Osteria Mario, Пятерочка, Перекресток, Ашан, Вкусвилл, Магнит, Лента, Глобус, Окей, Азбука Вкуса, Мираторг, Велком, Мясокомбинат, Мясной дом, Рублевские колбасы, Ремит, Черкизово, Петелинка, Троекурово, Дымов, Останкино, Коломенское, Мясновъ, Мясной гурман, Мясницкий ряд, Русагро.Ждём в команду!          ООО «Азарика» представляет бренд Кофемания"
4;https://spb.hh.ru/vacancy/99153559;99153559;Помощник кондитера;Кофемания;от 54 000 ₽ на руки;Требуемый опыт работы: не требуется;Полная занятость, полный день;;['Работа в команде', 'Креативность', 'Грамотная речь', 'Поварское дело'];"Рестораны        Служба технического         обслуживания и ремонта      ПроизводствоРаспределительный центрОфисТранспортная службаУчебный центрЧто мы предлагаем:  Обучение у известного московского шеф-кондитера - Елены Железняковой; Стабильный доход, оформление по ТК РФ (оплата отпуска и больничного) Компенсация проезда до место работы: кондитерский цех ""Кофемании"", м. Строгино; Много бонусов: бесплатное 3-х разовое питание, медицинская книжка и форма, корпоративные скидки; График (2/2, ); Комфортные условия труда: столовая, душевые, раздевалки, шкафчики; Современное и высокотехнологичное оборудование; Реальный карьерный рост; Работа с лучшими продуктами со всего мира; Реферальная программа ""Приведи друга""; Корпоративная скидка в наших ресторанах и спецпредложения у компаний-партнеров  Что вам потребуется:  Готовность работать в команде; Желание расти и развиваться в профессии кондитер;  Профильное образование желательно.   Стань частью самой известной и успешной команды ресторанов Кофемания! Приведи в компанию друзей и получи 20 000 рублей за каждого сотрудника.   Наша вакансия также подойдет вам, если вы искали: работа повар, пекарь, кондитер, кондитер-скульптор, шоколатье, скульптор, пиццайоло, тестомес, тестовод, булочник, хлебопёк, грильщик, заготовщик, повар горячего цеха (г.ц.), повар холодного цеха (х.ц.), су-шеф, работа на супах, мясника, М/Ц, Жиловщик, Обвальщик, Рубщик, сушиста, помощник повара, повар без опыта, кейтеринг, повар в компаниях: White Rabbit Family, Lucky group, Буше, kosmos kitchen, Novikov Group, She, Ресторанный Холдинг Тигрус, Alba group, ПушкинЪ, Гудман, I Love Cake, Брусника, Северянине, Доктор Живаго, Сибирь, Osteria Mario, Пятерочка, Перекресток, Ашан, Вкусвилл, Магнит, Лента, Глобус, Окей, Азбука Вкуса, Мираторг, Велком, Мясокомбинат, Мясной дом, Рублевские колбасы, Ремит, Черкизово, Петелинка, Троекурово, Дымов, Останкино, Коломенское, Мясновъ, Мясной гурман, Мясницкий ряд, Русагро.Ждём в команду!          ООО «Азарика» представляет бренд Кофемания"
5;https://spb.hh.ru/vacancy/95648774;95648774;Пекарь /Тестовод / Тестомес (м. Строгино);Кофемания;от 68 000 ₽ на руки;Требуемый опыт работы: 1–3 года;Полная занятость, полный день;;['Работа в команде', 'Поварское дело', 'технологические карты', 'Контроль сроков годности', 'Общественное питание', 'Умение работать в коллективе'];"Рестораны        Служба технического         обслуживания и ремонта      ПроизводствоРаспределительный центрОфисТранспортная службаУчебный центрКофемания – это 22 года успешной работы на рынке, собственное современное производство и технологичные цеха, где стабильно работает команда профессионалов, влюблённых в своё дело! Что мы предлагаем:    Стабильный доход, оформление по ТК РФ (оплата отпуска и больничного) Компенсация проезда до место работы: кондитерский цех ""Кофемании"", м. Строгино; Много бонусов: 3х разовое питание, бесплатная медицинская книжка и форма, корпоративные скидки; График 2/2 сс 8:00 до 20:00 17:00 до 05:00  Комфортные условия труда: столовая, душевые, раздевалки, шкафчики; Современное и высокотехнологичное оборудование; Реальный карьерный рост.  Что предстоит делать:  Готовить выпечку по установленной рецептуре: хлеб, булочки, круассаны; Соблюдать санитарные нормы и правила.  Наши пожелания кандидатам:   Опыт работы со слоеным тестом будет преимуществом; Приведи в компанию друзей и получи 20 000 рублей за каждого сотрудника. Присоединяйтесь к нашей команде! Наша вакансия также подойдет вам, если вы искали: работа повар, пекарь, кондитер, кондитер-скульптор, шоколатье, скульптор, пиццайоло, тестомес, тестовод, булочник, хлебопёк, грильщик, заготовщик, повар горячего цеха (г.ц.), повар холодного цеха (х.ц.), су-шеф, работа на супах, мясника, М/Ц, Жиловщик, Обвальщик, Рубщик, сушиста, помощник повара, повар без опыта, кейтеринг, повар в компаниях: White Rabbit Family, Lucky group, Буше, kosmos kitchen, Novikov Group, She, Ресторанный Холдинг Тигрус, Alba group, ПушкинЪ, Гудман, I Love Cake, Брусника, Северянине, Доктор Живаго, Сибирь, Osteria Mario, Пятерочка, Перекресток, Ашан, Вкусвилл, Магнит, Лента, Глобус, Окей, Азбука Вкуса, Мираторг, Велком, Мясокомбинат, Мясной дом, Рублевские колбасы, Ремит, Черкизово, Петелинка, Троекурово, Дымов, Останкино, Коломенское, Мясновъ, Мясной гурман, Мясницкий ряд, Русагро.Ждём в команду!          ООО «Азарика» представляет бренд Кофемания"
6;https://spb.hh.ru/vacancy/98474490;98474490;Менеджер по продажам косметологического и медицинского оборудования;ООО Альтасеилс;от 100 000 ₽ на руки;Требуемый опыт работы: 1–3 года;Полная занятость, удаленная работа;;['B2B Продажи', 'Медицинское оборудование', 'Навыки продаж', 'Телефонные переговоры'];"Компания “Kosmo Lik” является надежным прямым поставщиком косметологических аппаратов для салонов красоты, косметологических клиник и частных кабинетов. Наш ассортимент регулярно пополняется, мы постоянно следим за новинками на рынке и предлагаем нашим покупателям лучшее оборудование. Наше оборудование имеет все сертификаты соответствия и отвечает требованиям международных стандартов. В связи с расширением компании, приглашаем в нашу команду менеджера по продажам (удаленно). Что мы Вам гарантируем:   Высокий доход. Средний показатель 80 000 - 120 000. Лучшие менеджеры зарабатывают от 150 000 руб;   Абсолютно бесплатное обучение нашей специфике;   Поддержку сильных специалистов с огромным опытом в этой сфере ;   Постоянный поток крупных интересных проектов и задач.   Чем нужно заниматься:   Обработка входящих обращений новых клиентов;   Проработка базы потенциальных клиентов;   Составление коммерческих предложений;   Заключение договоров, выставление счетов;   Отчетная документация;   Создание и поддержание долгосрочных отношений с клиентами;   Вести клиентов в CRM-системе (AmoCRM).   Мы хотим видеть в нашей команде того кто:   Целеустремленный и амбициозный;   Хочет и любит общаться с людьми;   Хочет зарабатывать хорошие деньги;   Хочет расти и развиваться с компанией;   Любит обучаться и развиваться.     Требования:   Грамотная речь: письменная и устная;   Опыт в продажах B2B;   Знание техник продаж и успешный опыт их применения;   Желание и умение общаться с людьми;   Позитивный настрой, умение наладить хорошие отношения с человеком;   Настойчивость, активность, коммуникабельность, нацеленность на результат.     Что мы предлагаем:   Прозрачная мотивация (оклад+% от продаж);   График работы 5/2 с 9.00 до 18.00 (выходные могут быть сменные);   Расширенное бесплатное обучение по продукту;   Выплаты 1-2 раза в месяц;   Дружный, амбициозный коллектив;   Карьерный рост до ведущего менеджера.   Заинтересовала вакансия - откликайся, мы ждем тебя!"
7;https://spb.hh.ru/vacancy/99950418;99950418;Повар заготовщик (м. Крылатское);Кофемания;от 75 000 до 99 000 ₽ на руки;Требуемый опыт работы: не требуется;Полная занятость, полный день;;[];"Рестораны        Служба технического         обслуживания и ремонта      ПроизводствоРаспределительный центрОфисТранспортная службаУчебный центрКофемания более 22 лет задаёт тренды на рынке, а наши профессионалы работают на самом технологичном производстве с лучшим мировым оборудованием и ингредиентами. В кондитерском ателье премиум-класса Cake Buro от «Кофемании» во главе с Шеф-кондитером №1 в Москве – Еленой Железняковой, ты сможешь работать в команде лучших в своём деле! Что мы предлагаем:  Вакансия располагается - МЕТРО КРЫЛАТСКОЕ Стабильный доход, оформление по ТК РФ (оплата отпуска и больничного) Компенсация проезда до место работы; Много бонусов: бесплатное 3-х разовое питание, медицинская книжка и форма, корпоративные скидки; Любой удобный для вас график (5/2 или 6/1 +возможность дополнительных часов) с 06.00 до 18.00 или 07.00 до 19.00 Комфортные условия труда: столовая, зоны отдыха, душевые, раздевалки, шкафчики; Современное и высокотехнологичное оборудование; Реальный карьерный рост; Работа с лучшими продуктами со всего мира; Реферальная программа ""Приведи друга""; Корпоративная скидка в наших ресторанах и спецпредложения у компаний-партнеров.  Что вам нужно делать:  Работать с ножом: разделка мяса/птицы; Работа с технологическими картами Сборка заказа; Заготовка полуфабрикатов.  Что вам потребуется:  Готовность работать в команде; Желание расти и развиваться в профессии повара; Профильное образование будет преимуществом.    Стань частью самой известной и успешной команды ресторанов Кофемания! Приведи в компанию друзей и получи 20 000 рублей за каждого сотрудника.   Наша вакансия также подойдет вам, если вы искали: работа повар, кондитер, кондитер-скульптор, шоколатье, скульптор, пиццайоло, тестомес, тестовод, булочник, хлебопёк, грильщик, заготовщик, повар горячего цеха (г.ц.), повар холодного цеха (х.ц.), су-шеф, работа на супах, мясника, М/Ц, Жиловщик, Обвальщик, Рубщик, сушиста, помощник повара, повар без опыта, кейтеринг, повар в компаниях: White Rabbit Family, Lucky group, Буше, kosmos kitchen, Novikov Group, She, Ресторанный Холдинг Тигрус, Alba group, ПушкинЪ, Гудман, I Love Cake, Брусника, Северянине, Доктор Живаго, Сибирь, Osteria Mario, Пятерочка, Перекресток, Ашан, Вкусвилл, Магнит, Лента, Глобус, Окей, Азбука Вкуса, Мираторг, Велком, Мясокомбинат, Мясной дом, Рублевские колбасы, Ремит, Черкизово, Петелинка, Троекурово, Дымов, Останкино, Коломенское, Мясновъ, Мясной гурман, Мясницкий ряд, Русагро.Ждём в команду!          ООО «Азарика» представляет бренд Кофемания"
8;https://spb.hh.ru/vacancy/99605461;99605461;Повар в мясной цех (м.Крылатское);Кофемания;от 75 000 до 99 000 ₽ на руки;Требуемый опыт работы: не требуется;Полная занятость, полный день;;[];"Рестораны        Служба технического         обслуживания и ремонта      ПроизводствоРаспределительный центрОфисТранспортная службаУчебный центрКофемания более 22 лет задаёт тренды на рынке, а наши профессионалы работают на самом технологичном производстве с лучшим мировым оборудованием и ингредиентами. В кондитерском ателье премиум-класса Cake Buro от «Кофемании» во главе с Шеф-кондитером №1 в Москве – Еленой Железняковой, ты сможешь работать в команде лучших в своём деле! Что мы предлагаем:  Вакансия располагается - МЕТРО КРЫЛАТСКОЕ Стабильный доход, оформление по ТК РФ (оплата отпуска и больничного) Компенсация проезда до место работы; Много бонусов: бесплатное 3-х разовое питание, медицинская книжка и форма, корпоративные скидки; Любой удобный для вас график (5/2 или 6/1 +возможность дополнительных часов) с 06.00 до 18.00 или 07.00 до 19.00 Комфортные условия труда: столовая, зоны отдыха, душевые, раздевалки, шкафчики; Современное и высокотехнологичное оборудование; Реальный карьерный рост; Работа с лучшими продуктами со всего мира; Реферальная программа ""Приведи друга""; Корпоративная скидка в наших ресторанах и спецпредложения у компаний-партнеров.  Что вам нужно делать:  Работать с ножом: разделка мяса/птицы; Работа с технологическими картами Сборка заказа; Заготовка полуфабрикатов.  Что вам потребуется:  Готовность работать в команде; Желание расти и развиваться в профессии повара; Профильное образование будет преимуществом.    Стань частью самой известной и успешной команды ресторанов Кофемания! Приведи в компанию друзей и получи 20 000 рублей за каждого сотрудника.   Наша вакансия также подойдет вам, если вы искали: работа повар, кондитер, кондитер-скульптор, шоколатье, скульптор, пиццайоло, тестомес, тестовод, булочник, хлебопёк, грильщик, заготовщик, повар горячего цеха (г.ц.), повар холодного цеха (х.ц.), су-шеф, работа на супах, мясника, М/Ц, Жиловщик, Обвальщик, Рубщик, сушиста, помощник повара, повар без опыта, кейтеринг, повар в компаниях: White Rabbit Family, Lucky group, Буше, kosmos kitchen, Novikov Group, She, Ресторанный Холдинг Тигрус, Alba group, ПушкинЪ, Гудман, I Love Cake, Брусника, Северянине, Доктор Живаго, Сибирь, Osteria Mario, Пятерочка, Перекресток, Ашан, Вкусвилл, Магнит, Лента, Глобус, Окей, Азбука Вкуса, Мираторг, Велком, Мясокомбинат, Мясной дом, Рублевские колбасы, Ремит, Черкизово, Петелинка, Троекурово, Дымов, Останкино, Коломенское, Мясновъ, Мясной гурман, Мясницкий ряд, Русагро.Ждём в команду!          ООО «Азарика» представляет бренд Кофемания"
9;https://spb.hh.ru/vacancy/99176056;99176056;Повар - Мясник (м.Крылатское);Кофемания;от 75 000 до 99 000 ₽ на руки;Требуемый опыт работы: не требуется;Полная занятость, полный день;;[];"Рестораны        Служба технического         обслуживания и ремонта      ПроизводствоРаспределительный центрОфисТранспортная службаУчебный центрКофемания более 22 лет задаёт тренды на рынке, а наши профессионалы работают на самом технологичном производстве с лучшим мировым оборудованием и ингредиентами. В кондитерском ателье премиум-класса Cake Buro от «Кофемании» во главе с Шеф-кондитером №1 в Москве – Еленой Железняковой, ты сможешь работать в команде лучших в своём деле! Что мы предлагаем:  Вакансия располагается - МЕТРО КРЫЛАТСКОЕ Стабильный доход, оформление по ТК РФ (оплата отпуска и больничного) Компенсация проезда до место работы; Много бонусов: бесплатное 3-х разовое питание, медицинская книжка и форма, корпоративные скидки; Любой удобный для вас график (5/2 или 6/1 +возможность дополнительных часов) с 06.00 до 18.00 или 07.00 до 19.00 Комфортные условия труда: столовая, зоны отдыха, душевые, раздевалки, шкафчики; Современное и высокотехнологичное оборудование; Реальный карьерный рост; Работа с лучшими продуктами со всего мира; Реферальная программа ""Приведи друга""; Корпоративная скидка в наших ресторанах и спецпредложения у компаний-партнеров.  Что вам нужно делать:  Работать с ножом: разделка мяса/птицы; Работа с технологическими картами Сборка заказа; Заготовка полуфабрикатов.  Что вам потребуется:  Готовность работать в команде; Желание расти и развиваться в профессии повара; Профильное образование будет преимуществом.    Стань частью самой известной и успешной команды ресторанов Кофемания! Приведи в компанию друзей и получи 20 000 рублей за каждого сотрудника.   Наша вакансия также подойдет вам, если вы искали: работа повар, кондитер, кондитер-скульптор, шоколатье, скульптор, пиццайоло, тестомес, тестовод, булочник, хлебопёк, грильщик, заготовщик, повар горячего цеха (г.ц.), повар холодного цеха (х.ц.), су-шеф, работа на супах, мясника, М/Ц, Жиловщик, Обвальщик, Рубщик, сушиста, помощник повара, повар без опыта, кейтеринг, повар в компаниях: White Rabbit Family, Lucky group, Буше, kosmos kitchen, Novikov Group, She, Ресторанный Холдинг Тигрус, Alba group, ПушкинЪ, Гудман, I Love Cake, Брусника, Северянине, Доктор Живаго, Сибирь, Osteria Mario, Пятерочка, Перекресток, Ашан, Вкусвилл, Магнит, Лента, Глобус, Окей, Азбука Вкуса, Мираторг, Велком, Мясокомбинат, Мясной дом, Рублевские колбасы, Ремит, Черкизово, Петелинка, Троекурово, Дымов, Останкино, Коломенское, Мясновъ, Мясной гурман, Мясницкий ряд, Русагро.Ждём в команду!          ООО «Азарика» представляет бренд Кофемания"
10;https://spb.hh.ru/vacancy/92604986;92604986;Пекарь день или ночь (метро Строгино);Кофемания;;Требуемый опыт работы: не требуется;Полная занятость, полный день;;[];"Рестораны        Служба технического         обслуживания и ремонта      ПроизводствоРаспределительный центрОфисТранспортная службаУчебный центрКофемания – это 22 года успешной работы на рынке, собственное современное производство и технологичные цеха, где стабильно работает команда профессионалов, влюблённых в своё дело! Что мы предлагаем:  Стабильный доход, оформление по ТК РФ (оплата отпуска и больничного) Компенсация проезда до место работы: кондитерский цех ""Кофемании"", м. Строгино; Много бонусов: 3х разовое питание, бесплатная медицинская книжка и форма, корпоративные скидки; График ДЕНЬ 2/2 с 8:00 до 20:00 или НОЧЬ График 2/2 с 17:00 до 05:00 Комфортные условия труда: столовая, душевые, раздевалки, шкафчики; Современное и высокотехнологичное оборудование; Реальный карьерный рост.  Что предстоит делать:  Готовить выпечку по установленной рецептуре: хлеб, булочки, круассаны; Соблюдать санитарные нормы и правила.  Наши пожелания кандидатам:  Опыт работы со слоеным тестом будет преимуществом;  Приведи в компанию друзей и получи 20 000 рублей за каждого сотрудника. Присоединяйтесь к нашей команде! Наша вакансия также подойдет вам, если вы искали: работа повар, пекарь, кондитер, кондитер-скульптор, шоколатье, скульптор, пиццайоло, тестомес, тестовод, булочник, хлебопёк, грильщик, заготовщик, повар горячего цеха (г.ц.), повар холодного цеха (х.ц.), су-шеф, работа на супах, мясника, М/Ц, Жиловщик, Обвальщик, Рубщик, сушиста, помощник повара, повар без опыта, кейтеринг, повар в компаниях: White Rabbit Family, Lucky group, Буше, kosmos kitchen, Novikov Group, She, Ресторанный Холдинг Тигрус, Alba group, ПушкинЪ, Гудман, I Love Cake, Брусника, Северянине, Доктор Живаго, Сибирь, Osteria Mario, Пятерочка, Перекресток, Ашан, Вкусвилл, Магнит, Лента, Глобус, Окей, Азбука Вкуса, Мираторг, Велком, Мясокомбинат, Мясной дом, Рублевские колбасы, Ремит, Черкизово, Петелинка, Троекурово, Дымов, Останкино, Коломенское, Мясновъ, Мясной гурман, Мясницкий ряд, Русагро.  Ждём в команду!          ООО «Азарика» представляет бренд Кофемания"
11;https://spb.hh.ru/vacancy/100218042;100218042;Менеджер по продаже оборудования (входящие заявки);kosmolik;;Требуемый опыт работы: 1–3 года;Полная занятость, полный день;Возможно временное оформление: договор услуг, подряда, ГПХ, самозанятые, ИП;['B2B Продажи', 'Телефонные переговоры', 'Деловое общение', 'Деловая переписка', 'Проведение презентаций', 'Заключение договоров', 'работа с текущей базой клиентов', 'Обучаемость'];"Компания kosmo lik – Быстрорастущая компания на рынке косметологического оборудования для салонов красоты. широко представлены в сети интернет, за счет чего осуществляем продажи по всей России и за рубеж. Мы не останавливаемся на достигнутом и активно развиваемся, поэтому сейчас в связи с расширением мы ищем в свою команду менеджеров по продажам оборудования для красоты и эстетики тела. Если для Вас важно быть частью команды молодых, энергичных, жаждущих людей, гордиться Компанией, в которой работаете, Вы цените стабильность и уверенность в завтрашнем дне - то приглашаем Вас к нам в команду.   Твоя работа:  Обработка только входящих обращений. Подбор оборудования, аналогов, комплектация. Подготовка коммерческих предложений Правильное и своевременное заполнение информации по клиентам в СРМ-системе. Проведение переговоров с ключевыми клиентами Прием и обработка входящих обращений (соц.сети, электронные письма, онлайн-консультант) Первичное консультирование клиентов по продуктам компании; Посещение выставок, конференций, салонов красоты (по необходимости).    Наши ожидания:  Опыт работы в продажах (товары, b2b) не менее 1 года Знание товаров, оборудования. Знание навыков и техник продаж, умение работать с возражениями и закрывать сделки. Уверенный пользователь ПК. Ответственность и организованность. Усидчивость, исполнительность Умение слушать и слышать клиента Результативность и системность Возьмем только лучших менеджеров с опытом в продажах! Стеснительным и Неуверенным в себе не звонить!  Условия:  Удобный офис недалеко от станции метро Отрадное График с 10-00 до 19-00 или с 9-00 до 18-00 (2 плавающих выходных, 1 раз в месяц, остальные дни сб., вс выходные) Оклад  + kpi, Средний доход менеджера от 120 000 рублей..Специалисты которые не сидят, быстро обучаются и сразу приступают к продажам с 1 месяца выходят на стабильный доход.  Почему стоит выбрать нашу вакансию:  Перспектива стать руководителем отдела! Так как отдел новый, по истечении 6 месяцев лучший сотрудник - станет руководителем! Компания предоставляет обучение и тренинги в удобной форме Возможность хорошо зарабатывать, Качественный, полезный Товар, Помогаем людям открыть свой бизнес Отзывчивое, Лояльное руководство Дружный молодой, коллектив  Если Вас заинтересовала Наша вакансия: оставьте отклик на вакансию (резюме с фото обязательно)"
12;https://spb.hh.ru/vacancy/94448077;94448077;Воспитатель детей дошкольного возраста;Космо Кидс (ИП Григорьева Яна Владимировна);от 80 000 ₽ на руки;Требуемый опыт работы: 1–3 года;Полная занятость, полный день;;['Детская психология', 'Обучение и развитие', 'Английский язык', 'Организация учебного процесса', 'Организация мероприятий', 'Возрастная психология'];"Kosmo Kids — это детские сады премиум-класса, в основе которых лежит стремление помочь ребенку развиваться во всех сферах с учетом пребывания в двуязычной среде.Kosmo Kids — уникальная команда профессионалов.Опыт, мастерство, творческий подход к делу — качества, которыми обладает каждый из нас. Наша цель — создать максимально эффективную среду для развития детей, помочь им понять, что учиться — это интересно.В связи с открытием нового филиала в Санкт-Петербурге, мы в поиске ""Воспитателя""Обязанности:Присмотр и уход за дошкольникамиПроведение образовательных занятийОрганизация и проведение утренников, проектовРабота с родителямиТребования:Педагогическое (психологическое или логопедическое профильное) образованиеОпыт работы с детьми от 3 летЗнание английского языка приветствуетсяЗнание Закона ""Об образовании"", требований ФГОС дошкольного образования, основных программ дошкольного образования и других нормативных документов по подготовке детей к школеНавыки работы с родителямиУмение работать в коллективеНаличие мед книжки обязательноУсловия:Место работы: Ст. м. ФрунзенскаяЗП оклад + премии, средний совокупный доход от 80 000 руб.График 5/2 с 8.00-20.00Рассматриваем соискателей на полную ставку и на половину ставки.Присоединяйтесь к нам, чтобы стать частью нашей команды!"
13;https://spb.hh.ru/vacancy/94483858;94483858;Менеджер по продажам, работе с клиентами и партнерами;INTEC;от 55 000 ₽ на руки;Требуемый опыт работы: не требуется;Полная занятость, полный день;;['Активные продажи', 'B2B Продажи', 'Подготовка коммерческих предложений', 'Развитие продаж', 'Телефонные переговоры', 'Деловое общение', 'Заключение договоров', 'Деловая коммуникация', 'Проведение презентаций'];Наш бизнес растет, и мы приглашаем в команду менеджера по продажам и работе с клиентами. Что ты получишь от сотрудничества:  стабильно высокий уровень дохода - оклад + % + премия корпоративное обучение от лидеров рынка разработки программных продуктов наставничество профессиональных коллег и опытных экспертов возможность реализовать карьеру в любом направлении - работа с клиентами, управление проектами, интернет-маркетинг, разработка программного обеспечения клиенты приходят сами - их не нужно искать, только профессионально обслуживать работа с востребованными, качественными и высокодоходными программными продуктами позитивный, открытый и дружелюбный коллектив, нацеленный на совместное развитие корпоративные праздники и совместный отдых современный офис в центре города  Чем ты будешь заниматься:  продажи консультирование «входящих» клиентов подготовка комплекта документов работа над проектами - взаимодействие с клиентами, сбор требований, контроль этапов выполнения проекта, сдача проекта, подписание актов взаимодействие с клиентами по цифровым каналам коммуникации - деловая переписка по email, whatsаpp подготовка коммерческих предложений работа в программах учета - 1С, Битрикс24 (обучим, если нет опыта)  Что требуется от тебя:  грамотная устная и письменная речь, хорошая дикция коммуникабельность и умение выстраивать с людьми правильные деловые отношения стремление к самообучению и саморазвитию способность к обучению, умение быстро усваивать новую информацию самостоятельность и самоорганизованность  Как попасть в нашу команду: - откликнуться на вакансию, либо связаться по WhatsАpp, email или Тelegram (см. контактная информация) - пройти интервью с HR-менеджером и руководителем О группе компаний INTEC Группа компаний INTEC с 2006 года работает в сфере разработки программного обеспечения для бизнеса и услуг интернет-маркетинга. Продукты компании INTEC: ⁃ INTEC.Universe & Kosmos - Линейка готовых сайтов и интернет-магазинов на платформе 1С-Битрикс⁃ Инсайдер - система мониторинга, контроля и комплексной оценки эффективности работы сотрудников за компьютером⁃ Digital - маркетинг, объединяющий ключевые каналы коммуникации в комплексный продукт для продвижения B2B продуктов и услуг наших клиентов на рынок Результаты и достижения: ⁃ 18 летний опыт работы в сфере разработки ПО и интернет-маркетинга⁃ ТОП-3 рейтинга компаний Битрикс24 в номинациях: лидер продаж и лучший автор готовых решений⁃ Победитель конкурса ИТ-продуктов - Лучший проект в сфере информационной безопасности⁃ 50 высококвалифицированных специалистов в штате⁃ Более 10 000 довольных клиентов по всей России и странам СНГ
14;https://spb.hh.ru/vacancy/97404271;97404271;Помощник Кондитера;Кофемания;от 54 000 ₽ на руки;Требуемый опыт работы: не требуется;Полная занятость, сменный график;;['Общественное питание', 'технологические карты', 'Поварское дело'];"Рестораны        Служба технического         обслуживания и ремонта      ПроизводствоРаспределительный центрОфисТранспортная службаУчебный центрЧто мы предлагаем:  Обучение у известного московского шеф-кондитера - Елены Железняковой; Стабильный доход, оформление по ТК РФ (оплата отпуска и больничного) Компенсация проезда до место работы: кондитерский цех ""Кофемании"", м. Строгино; Много бонусов: бесплатное 3-х разовое питание, медицинская книжка и форма, корпоративные скидки; График (2/2, ); Комфортные условия труда: столовая, душевые, раздевалки, шкафчики; Современное и высокотехнологичное оборудование; Реальный карьерный рост; Работа с лучшими продуктами со всего мира; Реферальная программа ""Приведи друга""; Корпоративная скидка в наших ресторанах и спецпредложения у компаний-партнеров  Что вам потребуется:  Готовность работать в команде; Желание расти и развиваться в профессии кондитер;  Профильное образование желательно.   Стань частью самой известной и успешной команды ресторанов Кофемания! Приведи в компанию друзей и получи 20 000 рублей за каждого сотрудника.   Наша вакансия также подойдет вам, если вы искали: работа повар, пекарь, кондитер, кондитер-скульптор, шоколатье, скульптор, пиццайоло, тестомес, тестовод, булочник, хлебопёк, грильщик, заготовщик, повар горячего цеха (г.ц.), повар холодного цеха (х.ц.), су-шеф, работа на супах, мясника, М/Ц, Жиловщик, Обвальщик, Рубщик, сушиста, помощник повара, повар без опыта, кейтеринг, повар в компаниях: White Rabbit Family, Lucky group, Буше, kosmos kitchen, Novikov Group, She, Ресторанный Холдинг Тигрус, Alba group, ПушкинЪ, Гудман, I Love Cake, Брусника, Северянине, Доктор Живаго, Сибирь, Osteria Mario, Пятерочка, Перекресток, Ашан, Вкусвилл, Магнит, Лента, Глобус, Окей, Азбука Вкуса, Мираторг, Велком, Мясокомбинат, Мясной дом, Рублевские колбасы, Ремит, Черкизово, Петелинка, Троекурово, Дымов, Останкино, Коломенское, Мясновъ, Мясной гурман, Мясницкий ряд, Русагро.Ждём в команду!          ООО «Азарика» представляет бренд Кофемания"
15;https://spb.hh.ru/vacancy/99153271;99153271;Кондитер-скульптор;Кофемания;от 70 000 ₽ на руки;Требуемый опыт работы: не требуется;Полная занятость, сменный график;;[];"Рестораны        Служба технического         обслуживания и ремонта      ПроизводствоРаспределительный центрОфисТранспортная службаУчебный центрКофемания более 22 лет задаёт тренды на рынке, а наши профессионалы работают на самом технологичном производстве с лучшим мировым оборудованием и ингредиентами. В кондитерском ателье премиум-класса Cake Buro от «Кофемании» во главе с Шеф-кондитером №1 в Москве – Еленой Железняковой, ты сможешь работать в команде лучших в своём деле! Что мы предлагаем:  Обучение у известного московского шеф-кондитера - Елены Железняковой; Стабильный доход, оформление по ТК РФ (оплата отпуска и больничного) Компенсация проезда до место работы: кондитерский цех ""Кофемании"", м. Строгино; Много бонусов: бесплатное 3-х разовое питание, медицинская книжка и форма, корпоративные скидки; График (2/2,); Комфортные условия труда: столовая, душевые, раздевалки, шкафчики; Современное и высокотехнологичное оборудование; Реальный карьерный рост; Работа с лучшими продуктами со всего мира; Реферальная программа ""Приведи друга""; Корпоративная скидка в наших ресторанах и спецпредложения у компаний-партнеров.  Что вам нужно делать:  Оформление авторских кондитерских изделий; Лепка фигур для тортов; Соблюдать санитарные нормы и правила; Уважительно и бережно относиться к продуктам, оборудованию и коллегам.  Что вам потребуется:  Готовность работать в команде; Желание расти и развиваться в профессии кондитер;  Профильное образование желательно.   Стань частью самой известной и успешной команды ресторанов Кофемания! Приведи в компанию друзей и получи 20 000 рублей за каждого сотрудника.   Наша вакансия также подойдет вам, если вы искали: работа повар, пекарь, кондитер, кондитер-скульптор, шоколатье, скульптор, пиццайоло, тестомес, тестовод, булочник, хлебопёк, грильщик, заготовщик, повар горячего цеха (г.ц.), повар холодного цеха (х.ц.), су-шеф, работа на супах, мясника, М/Ц, Жиловщик, Обвальщик, Рубщик, сушиста, помощник повара, повар без опыта, кейтеринг, повар в компаниях: White Rabbit Family, Lucky group, Буше, kosmos kitchen, Novikov Group, She, Ресторанный Холдинг Тигрус, Alba group, ПушкинЪ, Гудман, I Love Cake, Брусника, Северянине, Доктор Живаго, Сибирь, Osteria Mario, Пятерочка, Перекресток, Ашан, Вкусвилл, Магнит, Лента, Глобус, Окей, Азбука Вкуса, Мираторг, Велком, Мясокомбинат, Мясной дом, Рублевские колбасы, Ремит, Черкизово, Петелинка, Троекурово, Дымов, Останкино, Коломенское, Мясновъ, Мясной гурман, Мясницкий ряд, РусагроЖдём в команду!          ООО «Азарика» представляет бренд Кофемания"
16;https://spb.hh.ru/vacancy/90659123;90659123;Кондитер в ночь (м.Строгино);Кофемания;;Требуемый опыт работы: не требуется;Полная занятость, сменный график;;['Работа в команде', 'Креативность', 'Грамотная речь', 'Электронная почта'];"Рестораны        Служба технического         обслуживания и ремонта      ПроизводствоРаспределительный центрОфисТранспортная службаУчебный центрКофемания более 22 лет задаёт тренды на рынке, а наши профессионалы работают на самом технологичном производстве с лучшим мировым оборудованием и ингредиентами. В кондитерском ателье премиум-класса Cake Buro от «Кофемании» во главе с Шеф-кондитером №1 в Москве – Еленой Железняковой, ты сможешь работать в команде лучших в своём деле! Что мы предлагаем:  Вакансия располагается - МЕТРО СТРОГИНО Обучение у известного московского шеф-кондитера - Елены Железняковой; Стабильный доход, оформление по ТК РФ (оплата отпуска и больничного) Компенсация проезда до место работы: кондитерский цех ""Кофемании"", м. Строгино; Много бонусов: бесплатное 3-х разовое питание, медицинская книжка и форма, корпоративные скидки; График НОЧЬ 2/2 с 21.00 до 09.00; Комфортные условия труда: столовая, зоны отдыха, душевые, раздевалки, шкафчики; Современное и высокотехнологичное оборудование; Реальный карьерный рост; Работа с лучшими продуктами со всего мира; Реферальная программа ""Приведи друга""; Корпоративная скидка в наших ресторанах и спецпредложения у компаний-партнеров.  Что вам нужно делать:  Качественное приготовление кондитерской продукции согласно установленной рецептуре; Соблюдать санитарные нормы и правила; Уважительно и бережно относиться к продуктам, оборудованию и коллегам.  Что вам потребуется:  Готовность работать в команде; Желание расти и развиваться в профессии кондитер; Профильное образование будет преимуществом.    Стань частью самой известной и успешной команды ресторанов Кофемания! Приведи в компанию друзей и получи 20 000 рублей за каждого сотрудника.   Наша вакансия также подойдет вам, если вы искали: работа повар, пекарь, кондитер, кондитер-скульптор, шоколатье, скульптор, пиццайоло, тестомес, тестовод, булочник, хлебопёк, грильщик, заготовщик, повар горячего цеха (г.ц.), повар холодного цеха (х.ц.), су-шеф, работа на супах, мясника, М/Ц, Жиловщик, Обвальщик, Рубщик, сушиста, помощник повара, повар без опыта, кейтеринг, повар в компаниях: White Rabbit Family, Lucky group, Буше, kosmos kitchen, Novikov Group, She, Ресторанный Холдинг Тигрус, Alba group, ПушкинЪ, Гудман, I Love Cake, Брусника, Северянине, Доктор Живаго, Сибирь, Osteria Mario, Пятерочка, Перекресток, Ашан, Вкусвилл, Магнит, Лента, Глобус, Окей, Азбука Вкуса, Мираторг, Велком, Мясокомбинат, Мясной дом, Рублевские колбасы, Ремит, Черкизово, Петелинка, Троекурово, Дымов, Останкино, Коломенское, Мясновъ, Мясной гурман, Мясницкий ряд, Русагро.Ждём в команду!          ООО «Азарика» представляет бренд Кофемания"
17;https://spb.hh.ru/vacancy/99926228;99926228;Младший кондитер;Кофемания;от 54 000 ₽ на руки;Требуемый опыт работы: не требуется;Полная занятость, сменный график;;['Работа в команде', 'Поварское дело', 'Грамотная речь', 'технологические карты'];"Рестораны        Служба технического         обслуживания и ремонта      ПроизводствоРаспределительный центрОфисТранспортная службаУчебный центрЧто мы предлагаем:  Обучение у известного московского шеф-кондитера - Елены Железняковой; Стабильный доход, оформление по ТК РФ (оплата отпуска и больничного) Компенсация проезда до место работы: кондитерский цех ""Кофемании"", м. Строгино; Много бонусов: бесплатное 3-х разовое питание, медицинская книжка и форма, корпоративные скидки; График (2/2, ); Комфортные условия труда: столовая, душевые, раздевалки, шкафчики; Современное и высокотехнологичное оборудование; Реальный карьерный рост; Работа с лучшими продуктами со всего мира; Реферальная программа ""Приведи друга""; Корпоративная скидка в наших ресторанах и спецпредложения у компаний-партнеров  Что вам потребуется:  Готовность работать в команде; Желание расти и развиваться в профессии кондитер;  Профильное образование желательно.   Стань частью самой известной и успешной команды ресторанов Кофемания! Приведи в компанию друзей и получи 20 000 рублей за каждого сотрудника.   Наша вакансия также подойдет вам, если вы искали: работа повар, пекарь, кондитер, кондитер-скульптор, шоколатье, скульптор, пиццайоло, тестомес, тестовод, булочник, хлебопёк, грильщик, заготовщик, повар горячего цеха (г.ц.), повар холодного цеха (х.ц.), су-шеф, работа на супах, мясника, М/Ц, Жиловщик, Обвальщик, Рубщик, сушиста, помощник повара, повар без опыта, кейтеринг, повар в компаниях: White Rabbit Family, Lucky group, Буше, kosmos kitchen, Novikov Group, She, Ресторанный Холдинг Тигрус, Alba group, ПушкинЪ, Гудман, I Love Cake, Брусника, Северянине, Доктор Живаго, Сибирь, Osteria Mario, Пятерочка, Перекресток, Ашан, Вкусвилл, Магнит, Лента, Глобус, Окей, Азбука Вкуса, Мираторг, Велком, Мясокомбинат, Мясной дом, Рублевские колбасы, Ремит, Черкизово, Петелинка, Троекурово, Дымов, Останкино, Коломенское, Мясновъ, Мясной гурман, Мясницкий ряд, Русагро.Ждём в команду!          ООО «Азарика» представляет бренд Кофемания"
18;https://spb.hh.ru/vacancy/99153590;99153590;;;;;;;[];"Рестораны        Служба технического         обслуживания и ремонта      ПроизводствоРаспределительный центрОфисТранспортная службаУчебный центрКофемания – это 22 года успешной работы на рынке, собственное современное производство и технологичные цеха, где стабильно работает команда профессионалов, влюблённых в своё дело! Что мы предлагаем:  Стабильный доход, оформление по ТК РФ (оплата отпуска и больничного) Компенсация проезда до место работы: кондитерский цех ""Кофемании"", м. Строгино; Много бонусов: 3х разовое питание, бесплатная медицинская книжка и форма, корпоративные скидки; График ДЕНЬ 2/2 с 8:00 до 20:00 или НОЧЬ График 2/2 с 17:00 до 05:00 Комфортные условия труда: столовая, душевые, раздевалки, шкафчики; Современное и высокотехнологичное оборудование; Реальный карьерный рост.  Что предстоит делать:  Готовить выпечку по установленной рецептуре: хлеб, булочки, круассаны; Соблюдать санитарные нормы и правила.  Наши пожелания кандидатам:  Опыт работы со слоеным тестом будет преимуществом;  Приведи в компанию друзей и получи 20 000 рублей за каждого сотрудника. Присоединяйтесь к нашей команде! Наша вакансия также подойдет вам, если вы искали: работа повар, пекарь, кондитер, кондитер-скульптор, шоколатье, скульптор, пиццайоло, тестомес, тестовод, булочник, хлебопёк, грильщик, заготовщик, повар горячего цеха (г.ц.), повар холодного цеха (х.ц.), су-шеф, работа на супах, мясника, М/Ц, Жиловщик, Обвальщик, Рубщик, сушиста, помощник повара, повар без опыта, кейтеринг, повар в компаниях: White Rabbit Family, Lucky group, Буше, kosmos kitchen, Novikov Group, She, Ресторанный Холдинг Тигрус, Alba group, ПушкинЪ, Гудман, I Love Cake, Брусника, Северянине, Доктор Живаго, Сибирь, Osteria Mario, Пятерочка, Перекресток, Ашан, Вкусвилл, Магнит, Лента, Глобус, Окей, Азбука Вкуса, Мираторг, Велком, Мясокомбинат, Мясной дом, Рублевские колбасы, Ремит, Черкизово, Петелинка, Троекурово, Дымов, Останкино, Коломенское, Мясновъ, Мясной гурман, Мясницкий ряд, Русагро.Ждём в команду!          ООО «Азарика» представляет бренд Кофемания"
19;https://spb.hh.ru/vacancy/94762254;94762254;;;;;;;[];
20;https://spb.hh.ru/vacancy/99578892;99578892;Врач-косметолог;Центр косметологии KOSMOS;от 100 000 ₽ на руки;Требуемый опыт работы: 1–3 года;Полная занятость, сменный график;Возможно временное оформление: договор услуг, подряда, ГПХ, самозанятые, ИП;['Клиентоориентированность', 'Ответственность'];Центр косметологии KOSMOS развивается с реактивной скоростью   В нашей команде 9 человек, студия работала более 3 лет и переросла в Центр косметологии   Нам доверяют более 2000 клиентов!   Новые комфортные кабинеты, и оборудование   Для нас в приоритете качество оказываемых нами услуг и наши довольные пациенты.   Мы искренне любим то, что делаем❤️   В связи с развитием Центра в нашу команду мы ищем Врача-косметолога универсала   Обязанности: •Владение основными и современными методами контурной пластики с применением препаратов гиалуроновой к-ты, ботулотоксинов, владение аппаратными методиками приветствуется.   •Проведение уходовых процедур по коже лица, пилинги, эпиляция, подбор домашнего ухода Требования: •Высшее медицинское образование •Опыт работы не менее 1,5 года •Знание стандартов, протоколов, норм. •Обладание грамотной речью, умение расположить к себе •Пунктуальность, ответственность за результат   Условия: • График работы 2/2 с 10 до 20 •Первые 2 месяца выплачивается страховочный выход •Оплата труда очень достойная , % от стоимости процедуры
21;https://spb.hh.ru/vacancy/99466261;99466261;Воспитатель детей дошкольного возраста со знанием английского языка;Космо Кидс (ИП Григорьева Яна Владимировна);от 90 000 ₽ на руки;Требуемый опыт работы: 3–6 лет;Полная занятость, полный день;;['Детская психология', 'Обучение и развитие', 'Английский язык', 'Организация учебного процесса', 'Организация мероприятий', 'Английский\xa0— B2 — Средне-продвинутый'];"Kosmo Kids — это детские сады премиум-класса, в основе которых лежит стремление помочь ребенку развиваться во всех сферах с учетом пребывания в двуязычной среде. Kosmo Kids — уникальная команда профессионалов. Опыт, мастерство, творческий подход к делу — качества, которыми обладает каждый из нас. Наша цель — создать максимально эффективную среду для развития детей, помочь им понять, что учиться — это интересно. В связи с открытием нового филиала в Санкт-Петербурге, мы в поиске ""Воспитателя со знанием английского языка"". Обязанности: Присмотр и уход за дошкольниками  Проведение образовательных занятий Организация и проведение утренников, проектов Работа с родителями Требования: Педагогическое (филологическое или логопедическое профильное) образование Знание английского языка Опыт работы с детьми от 3 лет Знание английского языка приветствуется Знание Закона ""Об образовании"", требований ФГОС дошкольного образования, основных программ дошкольного образования и других нормативных документов по подготовке детей к школе Навыки работы с родителями Умение работать в коллективе Наличие мед книжки обязательно Условия:​​​​​​​ Место работы: Ст. м. Фрунзенская ЗП оклад + премии, средний совокупный доход от 90 000 руб. График 5/2 с 8.00-20.00 или с 14.00 до 20.00 на неполный день. Рассматриваем соискателей на полную ставку и на половину ставки. Присоединяйтесь к нам, чтобы стать частью нашей команды!"
22;https://spb.hh.ru/vacancy/90805342;90805342;Шоколатье в кондитерский цех (м. Строгино);Кофемания;;Требуемый опыт работы: 1–3 года;Полная занятость, сменный график;;['Работа в команде', 'Креативность', 'Грамотная речь', 'Электронная почта'];"Рестораны        Служба технического         обслуживания и ремонта      ПроизводствоРаспределительный центрОфисТранспортная службаУчебный центрКофемания более 22 лет задаёт тренды на рынке, а наши профессионалы работают на самом технологичном производстве с лучшим мировым оборудованием и ингредиентами. В кондитерском ателье премиум-класса Cake Buro от «Кофемании» во главе с Шеф-кондитером №1 в Москве – Еленой Железняковой, ты сможешь работать в команде лучших в своём деле!   Что мы предлагаем:  Возможность карьерного роста; Работа с лучшими продуктами со всего мира; Оформление по ТК РФ; График сменный: 2/2 по 12 часов, с 9-00 до 21-00; Заработная плата вовремя и без задержек; Комфортные условия труда (столовая, шкафчики, раздевалки, душевые); Бесплатное 3-х разовое питание; Качественная и удобная форма; Корпоративная скидка в наших ресторанах и спецпредложения у компаний-партнеров; Производство находится у метро Строгино.  Что вам нужно делать:  Качественное приготовление кондитерской продукции согласно установленной рецептуре; Соблюдать санитарные нормы и правила; Уважительно и бережно относиться к продуктам, оборудованию и коллегам.  Что вам потребуется:  Готовность работать в команде; Желание расти и развиваться в профессии кондитер; Профильное образование будет преимуществом.    Стань частью самой известной и успешной команды ресторанов Кофемания! Приведи в компанию друзей и получи 20 000 рублей за каждого сотрудника.   Наша вакансия также подойдет вам, если вы искали: работа повар, пекарь, кондитер, кондитер-скульптор, шоколатье, скульптор, пиццайоло, тестомес, тестовод, булочник, хлебопёк, заготовщик, повар горячего цеха (г.ц.), повар холодного цеха (х.ц.), су-шеф, помощник повара, повар без опыта, кейтеринг, повар в компаниях: White Rabbit Family, Lucky group, Буше, kosmos kitchen, Novikov Group, She, Ресторанный Холдинг Тигрус, Alba group, ПушкинЪ, Гудман, I Love Cake, Брусника, Северянине, Доктор Живаго, Сибирь, Osteria Mario, Пятерочка, Перекресток, Ашан, Вкусвилл, Магнит, Лента, Глобус, Окей, Азбука Вкуса, Мираторг, Велком, Мясокомбинат, Мясной дом, Рублевские колбасы, Ремит, Черкизово, Петелинка, Троекурово, Дымов, Останкино, Коломенское, Мясновъ, Мясной гурман, Мясницкий ряд, Русагро.Ждём в команду!          ООО «Азарика» представляет бренд Кофемания"
23;https://spb.hh.ru/vacancy/91538206;91538206;Кондитер в кондитерское ателье Cake Buro;Кофемания;от 59 400 до 64 800 ₽ на руки;Требуемый опыт работы: не требуется;Полная занятость, полный день;;[];"Рестораны        Служба технического         обслуживания и ремонта      ПроизводствоРаспределительный центрОфисТранспортная службаУчебный центрКофемания более 22 лет задаёт тренды на рынке, а наши профессионалы работают на самом технологичном производстве с лучшим мировым оборудованием и ингредиентами. В кондитерском ателье премиум-класса Cake Buro от «Кофемании» во главе с Шеф-кондитером №1 в Москве – Еленой Железняковой, ты сможешь работать в команде лучших в своём деле! Что мы предлагаем:  Обучение у известного московского шеф-кондитера - Елены Железняковой; Стабильный доход, оформление по ТК РФ (оплата отпуска и больничного) Компенсация проезда до место работы: кондитерский цех ""Кофемании"", м. Строгино; Много бонусов: бесплатное 3-х разовое питание, медицинская книжка и форма, корпоративные скидки; Удобный для вас график (2/2, День с 09.00 до 21.00 или ночь с 21.00 до 09.00); Комфортные условия труда: столовая, зоны отдыха, душевые, раздевалки, шкафчики; Современное и высокотехнологичное оборудование; Реальный карьерный рост; Работа с лучшими продуктами со всего мира; Корпоративная скидка в наших ресторанах и спецпредложения у компаний-партнеров.  Что вам нужно делать:  Качественное приготовление кондитерской продукции согласно установленной рецептуре; Соблюдать санитарные нормы и правила; Уважительно и бережно относиться к продуктам, оборудованию и коллегам.  Что вам потребуется:  Готовность работать в команде; Желание расти и развиваться в профессии кондитер; Профильное образование будет преимуществом.    Стань частью самой известной и успешной команды ресторанов Кофемания! Приведи в компанию друзей и получи 20 000 рублей за каждого сотрудника.   Наша вакансия также подойдет вам, если вы искали: работа повар, пекарь, кондитер, кондитер-скульптор, шоколатье, скульптор, пиццайоло, тестомес, тестовод, булочник, хлебопёк, грильщик, заготовщик, повар горячего цеха (г.ц.), повар холодного цеха (х.ц.), су-шеф, работа на супах, мясника, М/Ц, Жиловщик, Обвальщик, Рубщик, сушиста, помощник повара, повар без опыта, кейтеринг, повар в компаниях: White Rabbit Family, Lucky group, Буше, kosmos kitchen, Novikov Group, She, Ресторанный Холдинг Тигрус, Alba group, ПушкинЪ, Гудман, I Love Cake, Брусника, Северянине, Доктор Живаго, Сибирь, Osteria Mario, Пятерочка, Перекресток, Ашан, Вкусвилл, Магнит, Лента, Глобус, Окей, Азбука Вкуса, Мираторг, Велком, Мясокомбинат, Мясной дом, Рублевские колбасы, Ремит, Черкизово, Петелинка, Троекурово, Дымов, Останкино, Коломенское, Мясновъ, Мясной гурман, Мясницкий ряд, Русагро.  Ждём в команду!          ООО «Азарика» представляет бренд Кофемания"
24;https://spb.hh.ru/vacancy/99048468;99048468;Game Frontend Developer;Kosmos;;Требуемый опыт работы: 3–6 лет;Полная занятость, гибкий график;;[];"Kosmos – успешная, комфортная и надежная игровая компания! За 9 лет наша компания выросла в сплоченную команду профессионалов, уже создавшую несколько социальных игр, вошедших в различные ТОПы, в том числе и в Top-20 Grossing на Facebook. Мы ставим перед собой только амбициозные цели и стремимся сделать каждый новый проект ещё лучше! Всё, что мы делаем, нравится в первую очередь нам самим. Поэтому все, кто у нас работают, переживают за создаваемые игры и их дальнейшие успехи, и вкладывают в них частичку своей души. Как раз сейчас наша команда в поисках Frontend Developer-а на наш новый проект Mahjong! Если это тебе по душе – присоединяйся!   Что мы тебе доверим:  Разработку и внедрение нового функционала и улучшение уже существующего; Улучшение кодовой базы, рефакторинг и оптимизация клиентской и, при желании, серверной частей проекта; Построение инструментов для автоматизации и оптимизации работы команды.  Пиши нам, если ты:   Имеешь хотя бы небольшой опыт работы в геймдеве и понимаешь особенности этой сферы; Не боишься отказываться от того, что не работает, пробовать новое и предлагать рабочие решения; Делал игры на HTML5; Отлично знаешь Typescript / Javascript; Имеешь опыт работы с графическими js-библиотеками (pixi.js / phaser / cocos2d); Понимаешь принципы ООП.  Будет дополнительным плюсом:   Опыт разработки игр или приложений для социальных сетей; Опыт работы на высоконагруженных проектах; Знакомство с технологиями WebGL/OpenGL/DirectX; Знакомство с языком Haxe.  Почему стоит выбрать нас:   Руководители проекта имеют технический бэкграунд, и вы точно найдёте общий язык; Мы практикуем Agile, но без фанатизма, бюрократии и лишних митингов; Ты будешь видеть результат своих действий на графиках доходов и получишь отклик от тысяч пользователей; Тебя ждут: деконструкции успешных игр, Growth Hacking, лекции по актуальным темам геймдева и еще много процессов, которые помогут тебе стать еще круче; Ты сможешь открыто предлагать свои идеи, которые мы оценим и возьмём в работу.  Помимо отличной атмосферы мы предлагаем:  Возможность влиять на продукты и процессы, много самостоятельности в работе; Команду, где каждый искренне любит то, что делает; Максимальную прозрачность процессов и минимум бюрократии; Белую ЗП и хороший пакет ДМС; Гибкий график работы, ты можешь начинать день с 12:00; Конференции, курсы, внутренний обмен знаниями – у нас есть все возможности для твоего развития! Хорошее железо, только лицензионное ПО; Возможен удаленный вариант сотрудничества!"
25;https://spb.hh.ru/vacancy/98967536;98967536;Врач-косметолог;Kosmo_place;;Требуемый опыт работы: 3–6 лет;Полная занятость, сменный график;;[];"KOSMO PLACE - новая, современная, уютная клиника косметологии, с высоким уровнем сервиса в г. Королев.Мы рады способствовать улучшению состояния здоровья наших клиентов и делать их красивее изо дня в день, за это мы и завоевали любовь больше 3.000 пациенток.В нашей клинике работают лучшие специалисты в своей области, открываем отличную возможность стать частью нашей дружной команды! Клиника Kosmo Place ищет в свою команду талантливого и чуткого врача косметолога, с опытом работы. Мы являемся самой прогрессивной и быстроразвивающийся клиникой в г.Королёв, оказывающей большой спектр косметологических услуг. Сотрудничество с нами - это* стабильная плотная запись;* налаженный поток клиентов;* дружный коллектив;* работа в новом красивом пространстве;* удобное расположение! Обязанности:  Выполнять инъекционные процедуры(биоревитализацию, мезотерапию, ботулотоксин, филлеры) срединные пилинги и эстетические процедуры. Аппаратные процедуры (Фототерапия на аппарате DEKA LUXEA, микроигольчатый RF SCARLET). Проводить дерматологические консультации по лечению акне. Работа на аппарате гидропилинга Hydra Beauty. Рекомендовать домашний уход. Информировать клиентов о противопоказаниях и об уходе после процедуры. Тщательное проведение процедуры, с полной вовлечённостью и нацеленностью на результат клиента.  Требования:  Ответственность, трудолюбие, любовь к людям. Наличие медицинского образования(высшее). Опыт от 3 лет.  Условия:  График сменный , с 10:00-21:00. Заработная плата: до 40% с процедур и консультаций (работа с уже имеющейся базой пациенток) + гарантированная оплата выхода 3.000₽ + нарастающая система мотивации за продажи косметики. Цены на процедуры и косметику выше среднего. Мы предоставляем сотрудникам обучение, корпоративную скидку до 30% на процедуры клиники, 15% на косметику.  И мероприятия, направленные на сплочения коллектива! Будем рады Вашему отклику. В сопроводительном письме, пожалуйста, опишите, почему именно Вы подходите на эту вакансию. Отклики без сопроводительного письма не рассматриваются."
26;https://spb.hh.ru/vacancy/98908148;98908148;Продавец-кассир;ООО КАРИ;;Требуемый опыт работы: не требуется;Полная занятость, полный день;;['Прямые продажи', 'Продавец', 'Ориентация на результат', 'Грамотная речь', 'Умение работать в команде', 'Работа с покупателями', 'Кассир', 'Стремление к профессиональному росту', 'Желание учиться'];"Федеральная сеть магазинов обуви и аксессуаров ""kari"" приглашает на постоянную работу продавца-кассира. В нашей команде мы хотим видеть энергичных людей, готовых работать в активном режиме, любящих общаться, стремящихся к профессиональному росту. Обязанности: - Работа в зале: выкладка товара, подсортировка товара, поддержание порядка, перезонирование, переоценка;- Работа с покупателями: консультации по ассортименту, оказание помощи в выборе товара, поиске нужного размера и модели;- Проведение покупок по кассе; Будем рады вам, если Вы: - Коммуникабельны;- Ответственно относитесь к работе и возложенным обязанностям;- Готовы к динамичной работе;- Готовы учиться новому и применять новые знания в работе. Условия: - Официальное трудоустройство; соц. пакет;- График работы 5/2 (смены настраиваются индивидуально с директором магазина);- Полностью ""белая"" и своевременно выплачиваемая заработная плата;- Нет возрастных ограничений- Обучение и карьерный рост в крупнейшей компании РФ- Скидки на весь ассортимент компании;- Вакансия открыта по адресу: Ставрополь, Доваторцев 75А, ТРЦ Мегацентр Kosmos Оставляйте отклики на вакансию, звоните по указанным номерам в разделе ""контакты"", приходите в магазин для собеседования с директором и заполнения анкеты:* Ставрополь, Доваторцев 75А, ТРЦ Мегацентр Kosmos               Гибкий график работы                      — не обязательно работать целый день                      Работа рядом с домом или учебой                      — у нас много магазинов                      Быстрый карьерный рост                      — для особо старательных                      Оформление по ТК РФ                      — у нас все официально                      Прозрачная система премирования                      Корпоративное обучение                      Корпоративные скидки"
27;https://spb.hh.ru/vacancy/95476619;95476619;Пекарь;Кофемания;от 68 000 ₽ на руки;Требуемый опыт работы: 1–3 года;Полная занятость, сменный график;;['Общественное питание', 'технологические карты', 'Поварское дело'];"Рестораны        Служба технического         обслуживания и ремонта      ПроизводствоРаспределительный центрОфисТранспортная службаУчебный центр    Кофемания – это 22 года успешной работы на рынке, собственное современное производство и технологичные цеха, где стабильно работает команда профессионалов, влюблённых в своё дело! Что мы предлагаем:  Стабильный доход, оформление по ТК РФ (оплата отпуска и больничного) Компенсация проезда до место работы: кондитерский цех ""Кофемании"", м. Строгино; Много бонусов: 3х разовое питание, бесплатная медицинская книжка и форма, корпоративные скидки; График 2/2 с 8:00 до 20:00; Комфортные условия труда: столовая, душевые, раздевалки, шкафчики; Современное и высокотехнологичное оборудование; Реальный карьерный рост.  Что предстоит делать:  Готовить выпечку по установленной рецептуре: хлеб, булочки, круассаны; Соблюдать санитарные нормы и правила.  Наши пожелания кандидатам:  Опыт работы со слоеным тестом будет преимуществом;  Приведи в компанию друзей и получи 20 000 рублей за каждого сотрудника. Присоединяйтесь к нашей команде! Наша вакансия также подойдет вам, если вы искали: работа повар, пекарь, кондитер, кондитер-скульптор, шоколатье, скульптор, пиццайоло, тестомес, тестовод, булочник, хлебопёк, грильщик, заготовщик, повар горячего цеха (г.ц.), повар холодного цеха (х.ц.), су-шеф, работа на супах, мясника, М/Ц, Жиловщик, Обвальщик, Рубщик, сушиста, помощник повара, повар без опыта, кейтеринг, повар в компаниях: White Rabbit Family, Lucky group, Буше, kosmos kitchen, Novikov Group, She, Ресторанный Холдинг Тигрус, Alba group, ПушкинЪ, Гудман, I Love Cake, Брусника, Северянине, Доктор Живаго, Сибирь, Osteria Mario, Пятерочка, Перекресток, Ашан, Вкусвилл, Магнит, Лента, Глобус, Окей, Азбука Вкуса, Мираторг, Велком, Мясокомбинат, Мясной дом, Рублевские колбасы, Ремит, Черкизово, Петелинка, Троекурово, Дымов, Останкино, Коломенское, Мясновъ, Мясной гурман, Мясницкий ряд, Русагро.        Ждём в команду!          ООО «Азарика» представляет бренд Кофемания"
28;https://spb.hh.ru/vacancy/91324854;91324854;Пекарь (м. Строгино);Кофемания;от 68 000 до 83 600 ₽ на руки;Требуемый опыт работы: не требуется;Полная занятость, сменный график;;['Работа в команде', 'Контроль сроков годности', 'Общественное питание', 'Поварское дело'];"Рестораны        Служба технического         обслуживания и ремонта      ПроизводствоРаспределительный центрОфисТранспортная службаУчебный центрКофемания – это 22 года успешной работы на рынке, собственное современное производство и технологичные цеха, где стабильно работает команда профессионалов, влюблённых в своё дело! Что мы предлагаем:  Стабильный доход, оформление по ТК РФ (оплата отпуска и больничного) Компенсация проезда до место работы: кондитерский цех ""Кофемании"", м. Строгино; Много бонусов: 3х разовое питание, бесплатная медицинская книжка и форма, корпоративные скидки; График 2/2 с 8:00 до 20:00; Комфортные условия труда: столовая, душевые, раздевалки, шкафчики; Современное и высокотехнологичное оборудование; Реальный карьерный рост.  Что предстоит делать:  Готовить выпечку по установленной рецептуре: хлеб, булочки, круассаны; Соблюдать санитарные нормы и правила.  Наши пожелания кандидатам:  Опыт работы со слоеным тестом будет преимуществом;  Приведи в компанию друзей и получи 20 000 рублей за каждого сотрудника. Присоединяйтесь к нашей команде! Наша вакансия также подойдет вам, если вы искали: работа повар, пекарь, кондитер, кондитер-скульптор, шоколатье, скульптор, пиццайоло, тестомес, тестовод, булочник, хлебопёк, грильщик, заготовщик, повар горячего цеха (г.ц.), повар холодного цеха (х.ц.), су-шеф, работа на супах, мясника, М/Ц, Жиловщик, Обвальщик, Рубщик, сушиста, помощник повара, повар без опыта, кейтеринг, повар в компаниях: White Rabbit Family, Lucky group, Буше, kosmos kitchen, Novikov Group, She, Ресторанный Холдинг Тигрус, Alba group, ПушкинЪ, Гудман, I Love Cake, Брусника, Северянине, Доктор Живаго, Сибирь, Osteria Mario, Пятерочка, Перекресток, Ашан, Вкусвилл, Магнит, Лента, Глобус, Окей, Азбука Вкуса, Мираторг, Велком, Мясокомбинат, Мясной дом, Рублевские колбасы, Ремит, Черкизово, Петелинка, Троекурово, Дымов, Останкино, Коломенское, Мясновъ, Мясной гурман, Мясницкий ряд, Русагро.    Ждём в команду!          ООО «Азарика» представляет бренд Кофемания"
29;https://spb.hh.ru/vacancy/90319208;90319208;Повар-кондитер (м.Строгино);Кофемания;;Требуемый опыт работы: не требуется;Полная занятость, сменный график;;['Работа в команде', 'Креативность', 'Грамотная речь', 'Электронная почта'];"Рестораны        Служба технического         обслуживания и ремонта      ПроизводствоРаспределительный центрОфисТранспортная службаУчебный центрКофемания более 22 лет задаёт тренды на рынке, а наши профессионалы работают на самом технологичном производстве с лучшим мировым оборудованием и ингредиентами. В кондитерском ателье премиум-класса Cake Buro от «Кофемании» во главе с Шеф-кондитером №1 в Москве – Еленой Железняковой, ты сможешь работать в команде лучших в своём деле! Что мы предлагаем:  Вакансия располагается - МЕТРО СТРОГИНО Обучение у известного московского шеф-кондитера - Елены Железняковой; Стабильный доход, оформление по ТК РФ (оплата отпуска и больничного) Компенсация проезда до место работы: кондитерский цех ""Кофемании"", м. Строгино; Много бонусов: бесплатное 3-х разовое питание, медицинская книжка и форма, корпоративные скидки; Любой удобный для вас график (2/2 (ДЕНЬ с 09.00 до 21.00 или НОЧЬ с 21.00 до 09.00) Комфортные условия труда: столовая, зоны отдыха, душевые, раздевалки, шкафчики; Современное и высокотехнологичное оборудование; Реальный карьерный рост; Работа с лучшими продуктами со всего мира; Реферальная программа ""Приведи друга""; Корпоративная скидка в наших ресторанах и спецпредложения у компаний-партнеров.  Что вам нужно делать:  Качественное приготовление кондитерской продукции согласно установленной рецептуре; Соблюдать санитарные нормы и правила; Уважительно и бережно относиться к продуктам, оборудованию и коллегам.  Что вам потребуется:  Готовность работать в команде; Желание расти и развиваться в профессии кондитер; Профильное образование будет преимуществом.    Стань частью самой известной и успешной команды ресторанов Кофемания! Приведи в компанию друзей и получи 20 000 рублей за каждого сотрудника.   Наша вакансия также подойдет вам, если вы искали: работа повар, пекарь, кондитер, кондитер-скульптор, шоколатье, скульптор, пиццайоло, тестомес, тестовод, булочник, хлебопёк, грильщик, заготовщик, повар горячего цеха (г.ц.), повар холодного цеха (х.ц.), су-шеф, работа на супах, мясника, М/Ц, Жиловщик, Обвальщик, Рубщик, сушиста, помощник повара, повар без опыта, кейтеринг, повар в компаниях: White Rabbit Family, Lucky group, Буше, kosmos kitchen, Novikov Group, She, Ресторанный Холдинг Тигрус, Alba group, ПушкинЪ, Гудман, I Love Cake, Брусника, Северянине, Доктор Живаго, Сибирь, Osteria Mario, Пятерочка, Перекресток, Ашан, Вкусвилл, Магнит, Лента, Глобус, Окей, Азбука Вкуса, Мираторг, Велком, Мясокомбинат, Мясной дом, Рублевские колбасы, Ремит, Черкизово, Петелинка, Троекурово, Дымов, Останкино, Коломенское, Мясновъ, Мясной гурман, Мясницкий ряд, Русагро.Ждём в команду!          ООО «Азарика» представляет бренд Кофемания"
30;https://spb.hh.ru/vacancy/93592802;93592802;Помощник кондитера (метро Строгино);Кофемания;от 45 000 ₽ на руки;Требуемый опыт работы: не требуется;Полная занятость, полный день;;[];"Рестораны        Служба технического         обслуживания и ремонта      ПроизводствоРаспределительный центрОфисТранспортная службаУчебный центрКофемания более 22 лет задаёт тренды на рынке, а наши профессионалы работают на самом технологичном производстве с лучшим мировым оборудованием и ингредиентами. В кондитерском ателье премиум-класса Cake Buro от «Кофемании» во главе с Шеф-кондитером №1 в Москве – Еленой Железняковой, ты сможешь работать в команде лучших в своём деле! Что мы предлагаем:  Обучение у известного московского шеф-кондитера - Елены Железняковой; на испытательный срок 250 рублей за час, далее 300 рублей час Стабильный доход, оформление по ТК РФ (оплата отпуска и больничного) Компенсация проезда до место работы: кондитерский цех ""Кофемании"", м. Строгино; Много бонусов: бесплатное 3-х разовое питание, медицинская книжка и форма, корпоративные скидки; График (2/2) с 9.00 до 21.00; Комфортные условия труда: столовая, душевые, раздевалки, шкафчики; Современное и высокотехнологичное оборудование; Реальный карьерный рост; Работа с лучшими продуктами со всего мира; Реферальная программа ""Приведи друга""; Корпоративная скидка в наших ресторанах и спецпредложения у компаний-партнеров  Что вам потребуется:  Готовность работать в команде; Желание расти и развиваться в профессии кондитер;  Профильное образование желательно.   Стань частью самой известной и успешной команды ресторанов Кофемания! Приведи в компанию друзей и получи 20 000 рублей за каждого сотрудника.   Наша вакансия также подойдет вам, если вы искали: работа повар, пекарь, кондитер, кондитер-скульптор, шоколатье, скульптор, пиццайоло, тестомес, тестовод, булочник, хлебопёк, грильщик, заготовщик, повар горячего цеха (г.ц.), повар холодного цеха (х.ц.), су-шеф, работа на супах, мясника, М/Ц, Жиловщик, Обвальщик, Рубщик, сушиста, помощник повара, повар без опыта, кейтеринг, повар в компаниях: White Rabbit Family, Lucky group, Буше, kosmos kitchen, Novikov Group, She, Ресторанный Холдинг Тигрус, Alba group, ПушкинЪ, Гудман, I Love Cake, Брусника, Северянине, Доктор Живаго, Сибирь, Osteria Mario, Пятерочка, Перекресток, Ашан, Вкусвилл, Магнит, Лента, Глобус, Окей, Азбука Вкуса, Мираторг, Велком, Мясокомбинат, Мясной дом, Рублевские колбасы, Ремит, Черкизово, Петелинка, Троекурово, Дымов, Останкино, Коломенское, Мясновъ, Мясной гурман, Мясницкий ряд, Русагро.Ждём в команду!          ООО «Азарика» представляет бренд Кофемания"
31;https://spb.hh.ru/vacancy/96445511;96445511;Пекарь на производство (м. Строгино);Кофемания;от 68 000 до 83 600 ₽ на руки;Требуемый опыт работы: не требуется;Полная занятость, сменный график;;['Работа в команде', 'Контроль сроков годности', 'Общественное питание', 'Поварское дело'];"Рестораны        Служба технического         обслуживания и ремонта      ПроизводствоРаспределительный центрОфисТранспортная службаУчебный центрКофемания – это 22 года успешной работы на рынке, собственное современное производство и технологичные цеха, где стабильно работает команда профессионалов, влюблённых в своё дело! Что мы предлагаем:  Стабильный доход, оформление по ТК РФ (оплата отпуска и больничного) Компенсация проезда до место работы: кондитерский цех ""Кофемании"", м. Строгино; Много бонусов: 3х разовое питание, бесплатная медицинская книжка и форма, корпоративные скидки; График 2/2 с 8:00 до 20:00 или 2/2 с 17.00 до 05.00 Комфортные условия труда: столовая, душевые, раздевалки, шкафчики; Современное и высокотехнологичное оборудование; Реальный карьерный рост.  Что предстоит делать:  Готовить выпечку по установленной рецептуре: хлеб, булочки, круассаны; Соблюдать санитарные нормы и правила.  Наши пожелания кандидатам:  Опыт работы со слоеным тестом будет преимуществом;  Приведи в компанию друзей и получи 20 000 рублей за каждого сотрудника. Присоединяйтесь к нашей команде! Наша вакансия также подойдет вам, если вы искали: работа повар, пекарь, кондитер, кондитер-скульптор, шоколатье, скульптор, пиццайоло, тестомес, тестовод, булочник, хлебопёк, грильщик, заготовщик, повар горячего цеха (г.ц.), повар холодного цеха (х.ц.), су-шеф, работа на супах, мясника, М/Ц, Жиловщик, Обвальщик, Рубщик, сушиста, помощник повара, повар без опыта, кейтеринг, повар в компаниях: White Rabbit Family, Lucky group, Буше, kosmos kitchen, Novikov Group, She, Ресторанный Холдинг Тигрус, Alba group, ПушкинЪ, Гудман, I Love Cake, Брусника, Северянине, Доктор Живаго, Сибирь, Osteria Mario, Пятерочка, Перекресток, Ашан, Вкусвилл, Магнит, Лента, Глобус, Окей, Азбука Вкуса, Мираторг, Велком, Мясокомбинат, Мясной дом, Рублевские колбасы, Ремит, Черкизово, Петелинка, Троекурово, Дымов, Останкино, Коломенское, Мясновъ, Мясной гурман, Мясницкий ряд, Русагро.    Ждём в команду!          ООО «Азарика» представляет бренд Кофемания"
32;https://spb.hh.ru/vacancy/98492619;98492619;Администратор отдела контроля качества;Kosmo_place;от 50 000 ₽ на руки;Требуемый опыт работы: 1–3 года;Полная занятость, полный день;;['Активные продажи', 'Телефонные переговоры', 'Обучение и развитие', 'Деловое общение', 'Навыки продаж', 'Навыки межличностного общения'];"KOSMO PLACE - новая, современная, уютная клиника косметологии, с высоким уровнем сервиса в г. Королев.Мы рады способствовать улучшению состояния здоровья наших пациентов и делать их красивее изо дня в день, за это мы и завоевали любовь больше 3.000 пациенток.В нашей клинике работают лучшие специалисты в своей области, открываем отличную возможность стать частью нашей дружной команды.В нашу команду мы ищем менеджера call-центра:Чуткого, эмпатичного, любящего людей сотрудника.И не важен пол, для нас важны человеческие качества!Важно, что бы вы хотели постоянно учиться и развиваться.Обязанности:1. Звонки:- ⁠Звонки заботы- ⁠сбор обратной связи- ⁠напоминания о назначениях- ⁠обзвон/рассылка по небольшим сегментам - по персональным акциям- ⁠обработка заявок с сайта/ лидов партнеров/ листов ожидания2. Ведение отчетности по обратной связи в exel и YCLIENTS3. ⁠Работа через amoCRMУсловия:График 5/2, 8 часовой рабочий день;Работа в офисе Выходные дни: воскресенье и понедельник;Заработная оплата ≈ 55.000Оклад: 40.000 + бонусы с записи;Зарплата два раза в месяц (всегда вовремя);Постоянное развитие и обучение (система наставничества);Тренинги по продажам за счет компании;Работа в дружном молодом коллективе;Скидки на процедуры клиники и косметику.В сопроводительном письме напишите: "" Хочу в KOSMO PLACE!"". Так мы поймем, что внимательны и заинтересованы в нашей вакансии:)"
33;https://spb.hh.ru/vacancy/92268596;92268596;Ночной Пекарь (м. Строгино);Кофемания;от 63 000 ₽ на руки;Требуемый опыт работы: не требуется;Полная занятость, сменный график;;['Работа в команде', 'Контроль сроков годности', 'Общественное питание', 'Поварское дело'];"Рестораны        Служба технического         обслуживания и ремонта      ПроизводствоРаспределительный центрОфисТранспортная службаУчебный центрКофемания – это 22 года успешной работы на рынке, собственное современное производство и технологичные цеха, где стабильно работает команда профессионалов, влюблённых в своё дело! Что мы предлагаем:  Стабильный доход, оформление по ТК РФ (оплата отпуска и больничного) Компенсация проезда до место работы: кондитерский цех ""Кофемании"", м. Строгино; Много бонусов: 3х разовое питание, бесплатная медицинская книжка и форма, корпоративные скидки; График 2/2 с 17:00 до 05:00; Комфортные условия труда: столовая, душевые, раздевалки, шкафчики; Современное и высокотехнологичное оборудование; Реальный карьерный рост.  Что предстоит делать:  сбор и замес теста, разделка, формовка, выпечка. работа со слоёным тестом, приготовление круассан  Наши пожелания кандидатам:  Опыт работы со слоеным тестом будет преимуществом;  Приведи в компанию друзей и получи 20 000 рублей за каждого сотрудника. Присоединяйтесь к нашей команде! Наша вакансия также подойдет вам, если вы искали: работа повар, пекарь, кондитер, кондитер-скульптор, шоколатье, скульптор, пиццайоло, тестомес, тестовод, булочник, хлебопёк, грильщик, заготовщик, повар горячего цеха (г.ц.), повар холодного цеха (х.ц.), су-шеф, работа на супах, мясника, М/Ц, Жиловщик, Обвальщик, Рубщик, сушиста, помощник повара, повар без опыта, кейтеринг, повар в компаниях: White Rabbit Family, Lucky group, Буше, kosmos kitchen, Novikov Group, She, Ресторанный Холдинг Тигрус, Alba group, ПушкинЪ, Гудман, I Love Cake, Брусника, Северянине, Доктор Живаго, Сибирь, Osteria Mario, Пятерочка, Перекресток, Ашан, Вкусвилл, Магнит, Лента, Глобус, Окей, Азбука Вкуса, Мираторг, Велком, Мясокомбинат, Мясной дом, Рублевские колбасы, Ремит, Черкизово, Петелинка, Троекурово, Дымов, Останкино, Коломенское, Мясновъ, Мясной гурман, Мясницкий ряд, Русагро.    Ждём в команду!          ООО «Азарика» представляет бренд Кофемания"
34;https://spb.hh.ru/vacancy/98256847;98256847;Кондитер-флорист;Кофемания;от 70 000 ₽ на руки;Требуемый опыт работы: 1–3 года;Полная занятость, сменный график;;['Работа в команде', 'Креативность', 'Грамотная речь', 'Электронная почта'];"Рестораны        Служба технического         обслуживания и ремонта      ПроизводствоРаспределительный центрОфисТранспортная службаУчебный центрКофемания более 22 лет задаёт тренды на рынке, а наши профессионалы работают на самом технологичном производстве с лучшим мировым оборудованием и ингредиентами. В кондитерском ателье премиум-класса Cake Buro от «Кофемании» во главе с Шеф-кондитером №1 в Москве – Еленой Железняковой, ты сможешь работать в команде лучших в своём деле! Что мы предлагаем:  Обучение у известного московского шеф-кондитера - Елены Железняковой; Стабильный доход, оформление по ТК РФ (оплата отпуска и больничного) Компенсация проезда до место работы: кондитерский цех ""Кофемании"", м. Строгино; Много бонусов: бесплатное 3-х разовое питание, медицинская книжка и форма, корпоративные скидки; График (2/2,); Комфортные условия труда: столовая, душевые, раздевалки, шкафчики; Современное и высокотехнологичное оборудование; Реальный карьерный рост; Работа с лучшими продуктами со всего мира; Реферальная программа ""Приведи друга""; Корпоративная скидка в наших ресторанах и спецпредложения у компаний-партнеров.  Что вам нужно делать:  Оформление авторских кондитерских изделий; Лепка цветов из сахарной пасты, роспись; Соблюдать санитарные нормы и правила; Уважительно и бережно относиться к продуктам, оборудованию и коллегам.  Что вам потребуется:  Готовность работать в команде; Желание расти и развиваться в профессии кондитер;  Профильное образование желательно.   Стань частью самой известной и успешной команды ресторанов Кофемания! Приведи в компанию друзей и получи 20 000 рублей за каждого сотрудника.   Наша вакансия также подойдет вам, если вы искали: работа повар, пекарь, кондитер, кондитер-скульптор, шоколатье, скульптор, пиццайоло, тестомес, тестовод, булочник, хлебопёк, грильщик, заготовщик, повар горячего цеха (г.ц.), повар холодного цеха (х.ц.), су-шеф, работа на супах, мясника, М/Ц, Жиловщик, Обвальщик, Рубщик, сушиста, помощник повара, повар без опыта, кейтеринг, повар в компаниях: White Rabbit Family, Lucky group, Буше, kosmos kitchen, Novikov Group, She, Ресторанный Холдинг Тигрус, Alba group, ПушкинЪ, Гудман, I Love Cake, Брусника, Северянине, Доктор Живаго, Сибирь, Osteria Mario, Пятерочка, Перекресток, Ашан, Вкусвилл, Магнит, Лента, Глобус, Окей, Азбука Вкуса, Мираторг, Велком, Мясокомбинат, Мясной дом, Рублевские колбасы, Ремит, Черкизово, Петелинка, Троекурово, Дымов, Останкино, Коломенское, Мясновъ, Мясной гурман, Мясницкий ряд, Русагро.    Ждём в команду!          ООО «Азарика» представляет бренд Кофемания"
35;https://spb.hh.ru/vacancy/98255518;98255518;Шоколатье в кондитерский цех;Кофемания;от 78 500 ₽ на руки;Требуемый опыт работы: 1–3 года;Полная занятость, полный день;;[];"Рестораны        Служба технического         обслуживания и ремонта      ПроизводствоРаспределительный центрОфисТранспортная службаУчебный центрКофемания более 22 лет задаёт тренды на рынке, а наши профессионалы работают на самом технологичном производстве с лучшим мировым оборудованием и ингредиентами. В кондитерском ателье премиум-класса Cake Buro от «Кофемании» во главе с Шеф-кондитером №1 в Москве – Еленой Железняковой, ты сможешь работать в команде лучших в своём деле! Что мы предлагаем:​​​​​​​  Возможность карьерного роста; Работа с лучшими продуктами со всего мира; Оформление по ТК РФ; График сменный: 2/2 по 12 часов, с 9-00 до 21-00; Заработная плата вовремя и без задержек; Комфортные условия труда (столовая, шкафчики, раздевалки, душевые); Бесплатное 3-х разовое питание; Качественная и удобная форма; Корпоративная скидка в наших ресторанах и спецпредложения у компаний-партнеров; Производство находится у метро Строгино.  Что вам нужно делать​​​​​​​  Качественное приготовление кондитерской продукции согласно установленно й рецептуре; Соблюдать санитарные нормы и правила;  Уважительно и бережно относиться к продуктам, оборудованию и коллегам. Что вам потребуется:​​​​​​​  Готовность работать в команде; Желание расти и развиваться в профессии кондитер; Профильное образование будет преимуществом    Стань частью самой известной и успешной команды ресторанов Кофемания! Приведи в компанию друзей и получи 20 000 рублей за каждого сотрудника.   Наша вакансия также подойдет вам, если вы искали: работа повар, пекарь, кондитер, кондитер-скульптор, шоколатье, скульптор, пиццайоло, тестомес, тестовод, булочник, хлебопёк, заготовщик, повар горячего цеха (г.ц.), повар холодного цеха (х.ц.), су-шеф, помощник повара, повар без опыта, кейтеринг, повар в компаниях: White Rabbit Family, Lucky group, Буше, kosmos kitchen, Novikov Group, She, Ресторанный Холдинг Тигрус, Alba group, ПушкинЪ, Гудман, I Love Cake, Брусника, Северянине, Доктор Живаго, Сибирь, Osteria Mario, Пятерочка, Перекресток, Ашан, Вкусвилл, Магнит, Лента, Глобус, Окей, Азбука Вкуса, Мираторг, Велком, Мясокомбинат, Мясной дом, Рублевские колбасы, Ремит, Черкизово, Петелинка, Троекурово, Дымов, Останкино, Коломенское, Мясновъ, Мясной гурман, Мясницкий ряд, Русагро.  Ждём в команду!          ООО «Азарика» представляет бренд Кофемания"
